hpindx,nstars,ra,dec
25277,5.0,85.78124999999999,-1.790784659328959
